esco_id,esco_label,esco_description,best_group_code,group_label_en,division_code,division_label_en,section_code,section_label_en,pad_occupations,pad_activities
0561328b-875b-4ae2-9ba1-9af9049aef01,procurement category specialist,"Procurement category specialists are experts in specific markets and contract types and provide advanced knowledge of a particular category of supplies, services or works. They help internal or external clients to increase value for money and end users' satisfaction through their advanced knowledge of the suppliers and their offering.",702,70.2 Business and other management consultancy activities,70,70 Activities of head offices and management consultancy,N,"N PROFESSIONAL, SCIENTIFIC AND TECHNICAL ACTIVITIES","""Procurement Specialist (Metering)"", ""Procurement Specialist""","""Manage acquisition (procurement) of prepayment electricity meters financed by the World Bank."", ""Support contractor selection and procurement activities for project works and goods"", ""Provide procurement expertise within the Rusumo Project Implementation Unit (Rusumo Project Implementation Unit) as part of the Unit's reinforced oversight capability."""
08f5481e-9233-4ef2-9e4b-945224879ce5,commissioning technician,"Commissioning technicians work with commissioning engineers to supervise the final stages of a project when systems are installed and tested. They inspect the correct functioning of the equipment, facilities and plants and when necessary they perform repairs and maintenance.",712,71.2 Technical testing and analysis,71,71 Architectural and engineering activities; technical testing and analysis,N,"N PROFESSIONAL, SCIENTIFIC AND TECHNICAL ACTIVITIES","""Electrical Installation Technician""","""Supply, installation, testing and commissioning of generation substation and power complex control and communications equipment"""
0ba06640-e0ac-4911-9e43-289a8e41651e,corporate trainer,"Corporate trainers train, coach, and guide employees of a company to teach and improve their skills, competences and knowledge in accordance with the needs of the company. They develop the existing potential of the employees to increase their efficiency, motivation, job satisfaction, and employability.",855,85.5 Other education,85,85 Education,Q,Q EDUCATION,"""Financial Literacy Trainer"", ""Business Skills Trainer""","""Deliver financial training for affected households as part of a livelihood restoration program for sustainable utilization of cash compensation."", ""Provide business skill training to affected households as part of livelihood restoration activities."""
0cca32c2-9308-4927-adb2-14771ab787f0,quantity surveyor,"Quantity surveyors have under their helm complete management of the cost involved in building and construction projects from the inception of the project until the delivery. They strive for an efficient use of the resources whilst keeping an eye on quality, quality standards, and client's requirements.",422,42.2 Construction of utility projects,42,42 Civil engineering,F,F CONSTRUCTION,"""Quantity Surveyor""","""Provide quantity surveying for civil and electromechanical works and cost control during construction"", ""Provide quantity surveying support within the Rusumo Project Implementation Unit (Rusumo Project Implementation Unit) as part of reinforced oversight capability."""
0dd7e6cd-2e5a-4fae-9ce0-6a3622d4019f,construction general supervisor,"Construction general supervisors keep track of the proceedings of all stages in the building process. They coordinate the different teams, assign tasks, and resolve problems.",410,41.0 Construction of residential and non-residential buildings,41,41 Construction of residential and non-residential buildings,F,F CONSTRUCTION,"""Site Supervisor"", ""Supervision Engineer""","""Act as site supervisors during the construction phase within the Environmental and Social Management Unit to support environmental and social staffing."", ""Recruit a Supervision Engineer for the Rusumo Project Implementation Unit to supervise preparatory and project works according to Bank standards."""
0ee67d5e-8de9-48f0-97c5-ba23d486b1e9,secretary of state,"Secretaries of state assist heads of government departments, such as ministers, and aid in the supervision of proceedings in the department. They assist in the direction of policies, operations, and department staff, and perform planning, resource allocation, and decision-making duties.",841,"84.1 Administration of the State and the economic, social and environmental policies of the community",84,84 Public administration and defence; compulsory social security,P,P PUBLIC ADMINISTRATION AND DEFENCE; COMPULSORY SOCIAL SECURITY,"""Permanent Secretary-level Representative for Water Resources""","""Serve as a senior official appointed by beneficiary countries to the Water Resources Technical Sub-Committee (Water Resources Technical Sub-Committee) to provide oversight of the Rusumo Water Resources Management Plan (Rusumo Water Resources Management Plan)."""
114e1eff-215e-47df-8e10-45a5b72f8197,renewable energy consultant,"Renewable energy consultants advise clients on the advantages and disadvantages of different renewable energy sources. They conduct surveys and interviews to research demand of and opinions on renewable energy, and strive to advise clients on the most advantageous source of renewable energy for their purpose.",749,"74.9 Other professional, scientific and technical activities n.e.c.",74,"74 Other professional, scientific and technical activities",N,"N PROFESSIONAL, SCIENTIFIC AND TECHNICAL ACTIVITIES","""Carbon Market Consultant""","""Conduct the required studies to assess and secure carbon credits and thereby enhance the Project's financial outlook to benefit from a future carbon market."""
12938d1a-eeb2-4b1e-a22b-f0bebeadfb73,hydroelectric plant operator,"Hydroelectric plant operators operate and maintain the equipment used in the production of energy from the movement of water. They monitor the measuring equipment, assess the production needs, and adapt the water flow to meet these needs. They also perform repairs and maintenance duties.",351,"35.1 Electric power generation, transmission and distribution",35,"35 Electricity, gas, steam and air conditioning supply",D,"D ELECTRICITY, GAS, STEAM AND AIR CONDITIONING SUPPLY","""Hydropower Plant Operator""","""Operate the hydropower plant during plant operations to generate electricity for the national grids."", ""Operate and perform maintenance of the hydropower plant under an operations and maintenance subcontract"", ""Operate the power plant under contract, receive delegated authority to enforce Power Purchase Agreement obligations, and provide expertise to ensure safe and reliable dam operations."""
186ef31e-f26f-4320-a307-c5f95d6cb284,consultant social worker,"Consultant social workers deliver high quality social work services by contributing to the development and improvement of social work and social care practice. They contribute to policy development, deliver trainings and focus on research in the field of social work practices.",889,88.9 Other social work activities without accommodation,88,88 Social work activities without accommodation,R,R HUMAN HEALTH AND SOCIAL WORK ACTIVITIES,"""Resettlement Specialist""","""provide resettlement support to the implementation-support team"""
1a46d0f0-93d7-44d1-bff9-58e3f21bd4c4,social service consultant,"Social service consultants aid in the development of policy and procedure for social service programs. They research social service programs and identify areas for improvement, as well as aid in the development of new programs. They fulfil advisory functions for social service organisations.",841,"84.1 Administration of the State and the economic, social and environmental policies of the community",84,84 Public administration and defence; compulsory social security,P,P PUBLIC ADMINISTRATION AND DEFENCE; COMPULSORY SOCIAL SECURITY,"""Resettlement Specialist""","""Implement the Resettlement Action Plan including cash compensation to project affected households"""
1ad59946-d13e-441e-9b36-56e1df055e21,financial auditor,"Financial auditors collect and examine financial data for clients, organisations and companies. They ensure the financial data is properly maintained and free of material misstatements due to error or fraud, that it adds up, and functions legally and effectively. They review lending and credit policies or numbers in databases and documents, evaluate, consult and assist the source of the transaction if necessary. They use their review of the client's financial governance as assurance to give testimony to the shareholders, stakeholders and board of directors of the organisation or company that all is up to par.",692,"69.2 Accounting, bookkeeping and auditing activities; tax consultancy",69,69 Legal and accounting activities,N,"N PROFESSIONAL, SCIENTIFIC AND TECHNICAL ACTIVITIES","""Internal Auditor""","""Fill the post of Internal Auditor for NELSAP to meet the project's financial management requirements."""
1bdb7d70-1769-4338-aa90-d25a90fe8a6d,geological engineer,"Geological engineers apply geological knowledge for the assessment of sites, soils, slope stability, sediments and other observable characteristics in the Earth. They integrate this information in the planning and development of projects in those places. They assess and answer questions concerning the geological characteristics of soils by performing research and experiments on the sites aimed to be intervened.",429,42.9 Construction of other civil engineering projects,42,42 Civil engineering,F,F CONSTRUCTION,"""Geotechnical Engineer""","""Prepare a Geotechnical Baseline Report to adequately take into account additional costs relating to unforeseen ground conditions."", ""Conduct an additional geotechnical investigation during tendering for design."""
1e55f5e3-2f02-434b-997b-9a9f3eb745e8,power lines supervisor,Power lines supervisors monitor the construction and maintenance of power lines and associated equipment. They assign tasks and take quick decisions to resolve problems.,422,42.2 Construction of utility projects,42,42 Civil engineering,F,F CONSTRUCTION,"""Transmission Line Engineer"", ""Transmission Line Construction Engineer""","""Design and oversee construction of transmission lines across the beneficiary countries."", ""Design and manage construction of overhead transmission lines connecting the power station to national grids"", ""Supervise design, construction and preparation for operation and maintenance of transmission lines as part of the power plant complex works."""
1ff61522-8947-4c95-b589-cb0e0539a62b,energy systems engineer,"Energy systems engineers supervise the energy conversion and distribution processes. They analyse the energy supply and consumption efficiency developing new ways to improve the existing processes, taking into account both the technical and the financial aspects. They also study the environmental impact of energy usage and combine the production of renewable energy in the current power systems.",351,"35.1 Electric power generation, transmission and distribution",35,"35 Electricity, gas, steam and air conditioning supply",D,"D ELECTRICITY, GAS, STEAM AND AIR CONDITIONING SUPPLY","""Regional Power System Planner"", ""Power Systems Loss Reduction Specialist""","""Identification of a backbone transmission system that will link the power grids of the Nile Basin Initiative countries."", ""Identify sources of technical and nontechnical power losses and develop immediate and long-term mitigation measures and realistic loss reduction targets with associated cost estimates for the Energy, Water and Sanitation Authority."""
21fe7141-68fa-4db7-9ee2-53097cef541a,waterway construction labourer,"Waterway construction labourers maintain canals, dams and other waterway structures such as coastal or inland water plants. They are responsible for the construction of breakwaters, canals, dikes and embankments as well as other works in and around water.",422,42.2 Construction of utility projects,42,42 Civil engineering,F,F CONSTRUCTION,"""Cofferdam Construction Specialist""","""construct a tail race cofferdam to allow excavation of the powerhouse and tailrace channel in dry conditions"""
2a914d26-42aa-46b5-acf3-097d51ba4617,construction engineer,Construction engineers interpret building designs and add technical specifications to construction projects. They integrate engineering principles into the designs to ensure that structures are safe and resistant. They work together with architects and engineers to transform design ideas into executable plans.,429,42.9 Construction of other civil engineering projects,42,42 Civil engineering,F,F CONSTRUCTION,"""Road Construction Engineer""","""Design and oversee construction of access roads and tracks for construction and maintenance of the transmission lines."""
2c9939ef-ebab-4111-8f27-605ae8782791,contract manager,Contract managers oversee the respect of awarded contracts to ensure that services are delivered as foreseen and that each step of the delivery is properly documented. They act as the main point of contact for suppliers on contractual matters and report back to their leadership. They implement financial and operational controls and ensure compliance with all reporting requirements.,701,70.1 Activities of head offices,70,70 Activities of head offices and management consultancy,N,"N PROFESSIONAL, SCIENTIFIC AND TECHNICAL ACTIVITIES","""Contract Manager""","""Perform contract management for project implementation on behalf of Rusumo Power Company Limited (RPCL) through the Rusumo Project Implementation Unit (RPIU) at the Nile Equatorial Lakes Subsidiary Action Program (NELSAP)."""
30f3ea93-882a-4525-841c-1d5b4b64076f,financial manager,"Financial managers handle all the matters in reference to the finance and investments of a company. They manage financial operations of companies such as the assets, liabilities, equity and cash flow aiming to maintain the financial health of the company and operative viability. Financial managers evaluate the strategic plans of the company in financial terms, maintain transparent financial operations for taxation and auditing bodies, and create the financial statements of the company at the end of the fiscal year.",701,70.1 Activities of head offices,70,70 Activities of head offices and management consultancy,N,"N PROFESSIONAL, SCIENTIFIC AND TECHNICAL ACTIVITIES","""Rusumo Power Company Limited Financial Manager"", ""Utility Financial Manager"", ""Project Implementation Unit Financial Specialist"", ""Financial Management Specialist"", ""Financial Management Officer""","""Suspend payment(s) of debt service under the Subsidiary Agreement and drawdown equivalent amounts from the escrow account to meet the company's operational costs on behalf of Rusumo Power Company Limited."", ""Provide Rusumo Power Company Limited with a banker's guarantee or a security deposit in a bank escrow account equivalent to six months of capacity charges."", ""Include and structure financial covenants that require each beneficiary to contribute funds for the creation of a reserve usable by Rusumo Power Company Limited in the event of payment delays from off-taker utilities."", ""be part of the core implementation-support team"", ""Support national utilities to ease financial imbalances arising from generation costs and fuel reliance."", ""Prepare quarterly implementation progress and financial reports for the Rusumo Project Implementation Unit with support from the Owner's Engineer."""
31854d78-3615-43a4-aa3a-c597ecb20ceb,legal consultant,"Legal consultants advise a varied array of clients ranging from business, individuals, up to legal firms. They provide legal advisory outside courtrooms in relation to legal affairs which depend on the nature of the client. They advise in matters such as merging of multinationals, housing purchase, modification of contracts and its implications. They help clients in general to abide by the regulations and avoid committing illegal acts.",691,69.1 Legal activities,69,69 Legal and accounting activities,N,"N PROFESSIONAL, SCIENTIFIC AND TECHNICAL ACTIVITIES","""Legal Advisor""","""provide legal advisory support to the implementation-support team"""
326027fc-5408-47cd-9b32-fbe770dbbe80,construction quality manager,"Construction quality managers make sure the quality of the work meets standards set in the contract, as well as minimum legislative standards. They establish procedures to check quality, perform inspections, and propose solutions to quality shortcomings.",701,70.1 Activities of head offices,70,70 Activities of head offices and management consultancy,N,"N PROFESSIONAL, SCIENTIFIC AND TECHNICAL ACTIVITIES","""Construction Supervision Engineer""","""Develop a detailed plan for Construction Supervision and Quality Assurance during civil works."""
39e9fc8f-02bd-4577-b603-2dc96204ce74,community development officer,"Community development officers develop plans to improve quality of life in local communities. They investigate and assess the community's issues and needs, manage resources, and develop implementation strategies. They communicate with the community for investigation purposes, and to inform the community on development plans.",841,"84.1 Administration of the State and the economic, social and environmental policies of the community",84,84 Public administration and defence; compulsory social security,P,P PUBLIC ADMINISTRATION AND DEFENCE; COMPULSORY SOCIAL SECURITY,"""Local Area Development Plan Coordinator"", ""Community Engagement Specialist"", ""Livelihoods Restoration Specialist""","""Implement the Local Area Development Plan to help ensure that project-affected people reap tangible benefits in terms of improved living standards and access to basic services."", ""Plan and conduct public consultations as part of the project's assessment and stakeholder engagement."", ""Implement the Livelihood Restoration Program associated with the Resettlement Action Plan and Local Area Development Plan"""
3d999108-f37a-4087-a936-b2911240b8c2,volunteer manager,"Volunteer managers work across the non-profit sector to recruit, train, motivate and supervise volunteers. They are in charge of designing volunteer assignments, recruiting volunteers, reviewing the tasks undertaken and impact made, providing feedback and managing their overall performance against the objectives of the organisation. Volunteer coordinators might also manage online volunteering activities, sometimes known as cyber-volunteering or e-volunteering.",701,70.1 Activities of head offices,70,70 Activities of head offices and management consultancy,N,"N PROFESSIONAL, SCIENTIFIC AND TECHNICAL ACTIVITIES","""Stakeholder Feedback Coordinator""","""Implement the Regional Rusumo Falls Hydroelectric Project communications strategy element that emphasizes continuous capturing of feedback during project implementation, harnessing the capacity of civil society in monitoring activities."""
3e7bf729-4442-4b9f-ad5e-83111963795c,ICT technician,"ICT technicians install, maintain, repair and operate information systems and any ICT related equipment (laptops, desktops, servers, tablets, smart phones, communications equipment, printers and any piece of computer related peripheral networks), and any type of software (drivers, operating systems, applications).",951,95.1 Repair and maintenance of computers and communication equipment,95,"95 Repair and maintenance of computers, personal and household goods, and motor vehicles and motorcycles",T,T OTHER SERVICE ACTIVITIES,"""Information Technology Equipment Maintenance Technician""","""Provide maintenance of information technology equipment as part of non-consulting services for the Project."""
461959ed-6a80-4c33-a75e-26aaeb52a5a7,drain technician,"Drain technicians install and maintain drainage equipment used in sewer systems, such as pipes and valves. They analyse the design and ensure the proper installation of the drainage system, and perform maintenance and repair duties.",422,42.2 Construction of utility projects,42,42 Civil engineering,F,F CONSTRUCTION,"""Hydromechanical Equipment Installer (intake trash-rack installer)""","""install trash racks in recesses on the sloping face of the intake to allow removal for maintenance and inspection"""
47300afa-5496-484c-8f65-14247a98b2b8,civil engineering worker,"Civil engineering workers perform tasks concerning the cleaning and preparation of construction sites for civil engineering projects. This includes the work on building and maintenance of roads, railways and dams.",435,43.5 Specialised construction activities in civil engineering,43,43 Specialised construction activities,F,F CONSTRUCTION,"""Tunnel Excavation Engineer""","""excavate the headrace tunnel in an inverted D shape by top heading followed by benching"""
4b214899-ed00-4156-b269-a23df0fb1093,environmental protection manager,"Environmental protection managers provide advice on the development of environmental policies to governmental and official institutions. They analyse possible threats for the well being of the people and the environment in a region and manage campaigns aimed at tackling problems such as waste collection, landfills, and preservation of green areas.",702,70.2 Business and other management consultancy activities,70,70 Activities of head offices and management consultancy,N,"N PROFESSIONAL, SCIENTIFIC AND TECHNICAL ACTIVITIES","""Environmental Safeguard Specialist"", ""Environment and Social Specialist"", ""Environmental and Social Safeguards Specialist"", ""Environmental and Social Specialist"", ""Environmental and Social Safeguards Specialist (Environmental and Social Management Unit, Rusumo Project Implementation Unit)"", ""Environmental and Social Management Consultant""","""be part of the core implementation-support team"", ""participate in IDA supervision missions to review progress in the implementation of safeguards"", ""Implement and coordinate the Environment and Social Management Plan and Resettlement Action Plan and provide safeguards expertise"", ""Coordinate and implement the Environmental and Social Management Plan (ESMP) and the Resettlement Action Plan (RAP) as part of the safeguards unit within the Rusumo Project Implementation Unit (RPIU)."", ""Prepare and implement a detailed Environmental and Social Management Plan."", ""Establish an Environmental and Social Management Unit in the Rusumo Project Implementation Unit and ensure implementation of the Environmental and Social Management Plan, Resettlement Action Plan and Local Area Development Plan."", ""Provide environmental and social expertise within the Rusumo Project Implementation Unit (Rusumo Project Implementation Unit) to support project oversight and safeguard implementation."", ""Manage and supervise the implementation of the Environmental and Social Management Plan and the Resettlement Action Plan, supervised by the Safeguards Unit at the Rusumo Project Implementation Unit (Rusumo Project Implementation Unit)."""
55167849-82cf-484e-b818-fa702a4e69e9,hydrologist,"Hydrologists research and study the quality, current challenges, and distribution of water in the Earth. They study water supply from rivers, streams, and springs to determine their adequate and sustainable use. Together with a cross functional team of professionals, they plan and develop how water can be supplied to cities and urban areas while ensuring efficiency and resource conservation.",360,"36.0 Water collection, treatment and supply",36,"36 Water collection, treatment and supply",E,"E WATER SUPPLY; SEWERAGE, WASTE MANAGEMENT AND REMEDIATION ACTIVITIES","""Hydrologist""","""Support development of hydropower resource potential in the Nile Equatorial Lakes Region."", ""Carry out additional bed load measurements during detailed design to assess sediment characteristics that might damage turbines."""
579254cf-6d69-4889-9000-9c79dc568644,mechanical engineer,"Mechanical engineers research, plan and design mechanical products and systems and supervise the fabrication, operation, application, installation and repair of systems and products. They research and analyse data.",332,33.2 Installation of industrial machinery and equipment,33,"33 Repair, maintenance and installation of machinery and equipment",C,C MANUFACTURING,"""Senior Mechanical Engineer"", ""Senior Mechanical Project Engineer"", ""Electrical and Mechanical Engineer""","""Provide senior mechanical engineering expertise for hydromechanical equipment, turbine-generator sets and mechanical systems"", ""Provide mechanical engineering expertise within the Rusumo Project Implementation Unit (Rusumo Project Implementation Unit) as part of reinforced oversight capability."", ""Procurement, installation and commissioning of Electrical and Mechanical plant including hydro-mechanical equipment on an Engineering-Procurement-Construction basis."""
57e87533-e523-4ee5-bf21-94a39fcc279b,health safety and environmental manager,"Health, safety and environmental managers design and execute corporate policies and procedures related to occupational health and safety and environmental protection. They analyse business processes to ensure compliance with government and environment legislation, conduct risk assessment in the domain of occupational health and safety, evaluate the environmental impact of economic activities and design the appropriate measures for the improvement of work environments and cultures. They coordinate the implementation of an integrated health, safety and environmental management system, defining effective indicators, organizing audits and eventually participating in accident investigation and reporting. They promote an integrated approach to sustainability and occupational health within business organisations, liaising with corporate and line managers and training employees. They are responsible for drafting technical documentation related to the compliance with health and safety and environmental legislation.",841,"84.1 Administration of the State and the economic, social and environmental policies of the community",84,84 Public administration and defence; compulsory social security,P,P PUBLIC ADMINISTRATION AND DEFENCE; COMPULSORY SOCIAL SECURITY,"""Environmental and Social Auditor""","""Conduct periodic technical and compliance audits of the environment and social risk mitigation measures."""
58db3ac6-5217-4d46-8a4c-126598be1d13,electric power generation engineer,"Electric power generation engineers design and develop systems which generate electrical power, and develop strategies for the improvement of existing electricity generation systems. They strive to conciliate sustainable solutions with efficient and affordable solutions. They engage in projects where supply of electrical energy is required.",422,42.2 Construction of utility projects,42,42 Civil engineering,F,F CONSTRUCTION,"""Power Engineer""","""be part of the core implementation-support team"""
5ccb2c34-e860-43a5-9869-342487518115,project support officer,"Project support officers provide different types of services for the successful execution of a project as part of a horizontal project management office. They offer administrative support, assistance and training to project managers and other staff members, manage the projectâ€™s documentation and assist the project manager with project scheduling, resource planning, coordination and reporting. Project support officers are responsible for quality assurance activities and for monitoring the adherence to methodology guidelines and other organisational standards. They also offer advice on project management tools and related administrative services.",702,70.2 Business and other management consultancy activities,70,70 Activities of head offices and management consultancy,N,"N PROFESSIONAL, SCIENTIFIC AND TECHNICAL ACTIVITIES","""Task Team Leader""","""be part of the core implementation-support team"""
5e5b1b61-1351-4d3b-a293-deb3661715dd,financial controller,"Financial controllers handle all tasks related to the budgeting and accounting aspects of a company or organisation. They implement and ensure compliance with internal financial and accounting procedures, and prepare documentation for external audits. They collect information related to financial statements such as assets, liabilities, equity, and cash flow in order to assess the company's financial position to prepare annual budgets and forecasts.",692,"69.2 Accounting, bookkeeping and auditing activities; tax consultancy",69,69 Legal and accounting activities,N,"N PROFESSIONAL, SCIENTIFIC AND TECHNICAL ACTIVITIES","""Financial Management Specialist"", ""Financial-Management Specialist""","""Provide financial management support and oversight for project funds and expenditures"", ""Provide financial management services for implementation of large-scale infrastructure projects on behalf of Rusumo Power Company Limited (RPCL) through the Rusumo Project Implementation Unit (RPIU) at the Nile Equatorial Lakes Subsidiary Action Program (NELSAP)."", ""Provide financial management expertise within the Rusumo Project Implementation Unit (Rusumo Project Implementation Unit) as part of the Unit's reinforced oversight capability."""
5f68c4c3-9d25-48e2-8efc-5471a80fb155,road construction worker,"Road construction workers perform road construction on earthworks, substructure works and the pavement section of the road. They cover the compacted soil with one or more layers. Road construction workers usually lay a stabilising bed of sand or clay first before adding asphalt or concrete slabs in order to finish a road.",421,42.1 Construction of roads and railways,42,42 Civil engineering,F,F CONSTRUCTION,"""Earthworks Operator (excavation material handling and road construction)""","""use rock material from the excavation of the headrace tunnel for road construction or dispose of it off-site at designated spoil areas"""
6353b3e8-e8f2-4ecb-b230-186927139892,data entry clerk,"Data entry clerks update, maintain and retrieve information held on computer systems. They prepare source data for computer entry by compiling and sorting information, process customer and account source documents by reviewing data for deficiencies and verify entered customer and account data.",631,"63.1 Computing infrastructure, data processing, hosting and related activities",63,"63 Computing infrastructure, data processing, hosting and other information service activities",K,"K TELECOMMUNICATION, COMPUTER PROGRAMMING, CONSULTING, COMPUTING INFRASTRUCTURE AND OTHER INFORMATION SERVICE ACTIVITIES","""Data Collection Officer""","""Carry out data collection as a responsibility of the Rusumo Project Implementation Unit."""
643a2225-6a01-4899-81b0-e867ca09b9c9,government planning inspector,"Government planning inspectors monitor the development and implementation of government plans and policies, as well as processing planning and policy proposals, and performing inspections of planning procedures.",841,"84.1 Administration of the State and the economic, social and environmental policies of the community",84,84 Public administration and defence; compulsory social security,P,P PUBLIC ADMINISTRATION AND DEFENCE; COMPULSORY SOCIAL SECURITY,"""Head of Generation Department""","""Serve on the Project Steering Committee to provide an oversight function on the implementation of the project."""
691ec040-f5ad-47ef-8698-03212d66dbbf,structural ironworker,"Structural ironworker in construction install iron elements into structures. They erect steel frameworks for buildings, bridges and other construction projects. They set metal rods, or rebar, to form reinforced concrete.",439,43.9 Other specialised construction activities,43,43 Specialised construction activities,F,F CONSTRUCTION,"""Tunnel Lining Specialist (steel sets and lagging)""","""install steel sets and lagging where fault zones or poor rock conditions require additional support beyond rock bolts and reinforced shotcrete"""
6fc8f605-98b9-4218-b5e2-91c4c9c55c4d,design engineer,Design engineers develop new conceptual and detailed designs. They create the look for these concepts or products and the systems used to make them. Design engineers work with engineers and marketers to enhance the functioning and efficiency of existing devices.,711,71.1 Architectural and engineering activities and related technical consultancy,71,71 Architectural and engineering activities; technical testing and analysis,N,"N PROFESSIONAL, SCIENTIFIC AND TECHNICAL ACTIVITIES","""Design Engineer""","""Prepare final designs during the project preparation phase"""
7052fd94-f563-46a9-8e2d-cba6c20f3e71,overhead line worker,Overhead line workers construct and maintain power supply and control cables in overhead power lines. They also make and repair electrical cables connecting customers to the electricity network.,351,"35.1 Electric power generation, transmission and distribution",35,"35 Electricity, gas, steam and air conditioning supply",D,"D ELECTRICITY, GAS, STEAM AND AIR CONDITIONING SUPPLY","""Transmission Line Construction Engineer"", ""Transmission Line Technician (Lineman)"", ""Overhead Line Technician""","""Build power system interconnections (transmission lines) to form the regional transmission backbone linking Burundi, Rwanda, and Tanzania."", ""Carry out field construction works for overhead transmission lines (line erection, stringing, tower works)"""
72381086-cb6e-455e-a40b-ccb26550aab6,power production plant operator,"Power production plant operators maintain and operate the equipment in power stations and other energy production plants. They repair faults, operate machinery directly or from a control room, and handle materials related to electricity production in compliance with safety and environmental procedures. They facilitate interaction between electrical energy facilities, ensuring that distribution occurs safely.",351,"35.1 Electric power generation, transmission and distribution",35,"35 Electricity, gas, steam and air conditioning supply",D,"D ELECTRICITY, GAS, STEAM AND AIR CONDITIONING SUPPLY","""Operation and Maintenance Operator"", ""Operations and Maintenance Contractor""","""Rusumo Power Company Limited agreements for Operation and Maintenance signed and Board members appointed."", ""Provide operations and maintenance services for the Power Plant to be procured through an International Competitive Bidding process by Rusumo Power Company."""
76abbb82-c103-4d7a-a4c0-14dba4d6199a,commissioning engineer,"Commissioning engineers supervise the final stages of a project when systems are installed and tested. They inspect the correct functioning of the equipment, facilities and plants to make sure they meet the requirements and specifications. They perform the necessary verifications and give approval to finalise the project.",749,"74.9 Other professional, scientific and technical activities n.e.c.",74,"74 Other professional, scientific and technical activities",N,"N PROFESSIONAL, SCIENTIFIC AND TECHNICAL ACTIVITIES","""Commissioning Engineer""","""Perform testing and commissioning of hydro-mechanical equipment, turbine-generator sets, generation substation and control and communications equipment"""
77abfaec-a250-4765-95fa-6091e8da1bba,electromechanical engineer,"Electromechanical engineers design and develop equipment and machinery that use both electrical and mechanical technology. They make draughts and prepare documents detailing the material requisitions, the assembly process and other technical specifications. Electromechanical engineers also test and evaluate the prototypes. They oversee the manufacturing process.",271,"27.1 Manufacture of electric motors, generators, transformers and electricity distribution and control apparatus",27,27 Manufacture of electrical equipment,C,C MANUFACTURING,"""Electrical and Mechanical Engineer"", ""Electromechanical Engineer""","""Develop and implement electrical and mechanical systems for the Power Plant Complex (hydropower plant) in the Nile Equatorial Lakes Region."", ""provide electromechanical engineering support to the implementation-support team"""
78db356f-a96a-4456-ab29-2de62e52f830,public finance accountant,"Public finance accountants head the treasury department of a governmental institution. They manage the institution's financial administration, expenditure and income generation, and compliance with taxation and other financial legislation. They perform administrative duties to ensure record keeping, develop plans for budget management and perform financial forecasts.",841,"84.1 Administration of the State and the economic, social and environmental policies of the community",84,84 Public administration and defence; compulsory social security,P,P PUBLIC ADMINISTRATION AND DEFENCE; COMPULSORY SOCIAL SECURITY,"""Government Treasury Officer""","""On-lend International Development Association funds received by each beneficiary country to Rusumo Power Company Limited."""
7cdeb653-8f3d-4921-832b-b95f9d700a86,electrical transmission system operator,"Electrical transmission system operators transport energy in the form of electrical power. They transmit electrical power from generation plants over an interconnected network, an electrical grid, to electricity distribution stations.",351,"35.1 Electric power generation, transmission and distribution",35,"35 Electricity, gas, steam and air conditioning supply",D,"D ELECTRICITY, GAS, STEAM AND AIR CONDITIONING SUPPLY","""Power Transmission Line Engineer""","""Development of a regional transmission network and interconnecting transmission links to realize power trade."""
7ef064b1-aab8-4818-a468-8f17acbfd995,hydropower technician,"Hydropower technicians install and maintain systems in hydropower plants. They perform inspections, analyse problems and carry out repairs. They ensure the turbines operate in compliance with regulations, and assist the hydropower engineers in the construction of turbines.",351,"35.1 Electric power generation, transmission and distribution",35,"35 Electricity, gas, steam and air conditioning supply",D,"D ELECTRICITY, GAS, STEAM AND AIR CONDITIONING SUPPLY","""Mechanical Installation Technician"", ""Hydropower Mechanical Installation Technician (butterfly valve installer)""","""Supply, installation, testing and commissioning of hydro-mechanical equipment and turbine-generator auxiliaries"", ""fit a butterfly valve ahead of the spiral cases on each turbine unit"""
812c217d-32b7-4f6a-9faf-993d3577ac7f,knowledge engineer,"Knowledge engineers integrate structured knowledge into computer systems (knowledge bases) in order to solve complex problems normally requiring a high level of human expertise or artificial intelligence methods. They are also responsible for eliciting or extracting knowledge from information sources, maintaining this knowledge, and making it available to the organisation or users. To achieve this, they are aware of knowledge representation and maintenance techniques (rules, frames, semantic nets, ontologies) and use knowledge extraction techniques and tools. They can design and build expert or artificial intelligence systems that use this knowledge.",621,62.1 Computer programming activities,62,"62 Computer programming, consultancy and related activities",K,"K TELECOMMUNICATION, COMPUTER PROGRAMMING, CONSULTING, COMPUTING INFRASTRUCTURE AND OTHER INFORMATION SERVICE ACTIVITIES","""Knowledge Management Specialist""","""Develop and manage the knowledge-management component to document best practices and share them with stakeholders involved in similar ventures for the Regional Rusumo Falls Hydroelectric Project."""
8213b4bc-60ce-4ffc-9e00-9758fb2003c6,monitoring and evaluation officer,"Monitoring and evaluation officers are responsible for the conceptualisation, design, implementation and follow-up of the monitoring and evaluation activities of projects, programmes, policies, strategies, institutions or processes, along the relevant programming cycle. They develop monitoring, inspection and evaluation methods and instruments needed to collect and analyse data, and report on results by applying structured M&E frameworks, theories, approaches and methodologies. M&E officers inform decision-making through reporting, learning products or activities and knowledge management. They can also engage in capacity development activities by providing training and capacity building support within their organizations or for clients and partners.",702,70.2 Business and other management consultancy activities,70,70 Activities of head offices and management consultancy,N,"N PROFESSIONAL, SCIENTIFIC AND TECHNICAL ACTIVITIES","""Monitoring and Evaluation Specialist"", ""Communications Monitoring and Evaluation Specialist""","""provide monitoring and evaluation support to the implementation-support team"", ""Conduct an annual candid assessment of communications strategy implementation for the Regional Rusumo Falls Hydroelectric Project and use the results to inform remedial actions as appropriate."", ""Be responsible for results monitoring and evaluation for the Rusumo Project Implementation Unit."", ""Strengthen the Rusumo Project Implementation Unit's (Rusumo Project Implementation Unit) Monitoring and Evaluation framework and provide additional Monitoring and Evaluation support to the Unit."""
836f0a96-7546-4003-9fc8-714fc79199d4,contract engineer,Contract engineers combine technical knowledge of contracts and legal matters with understanding of engineering specifications and principles. They ensure that both parts are aligned in the development of a project and foresee the compliance of all the engineering specifications and matters as defined in contracts.,711,71.1 Architectural and engineering activities and related technical consultancy,71,71 Architectural and engineering activities; technical testing and analysis,N,"N PROFESSIONAL, SCIENTIFIC AND TECHNICAL ACTIVITIES","""Contract Supervision Engineer""","""Recruit technical staff to supervise the Contractors and Consultants."""
86ca306c-ab99-420a-9e2a-aa73c5c4de22,electrical engineer,"Electrical engineers design and develop electrical systems, electrical equipment, components, motors, and equipment with the feature of energy transmission. They engage in large scale projects such as the design and maintenance of power stations, and the distribution of power to smaller applications such as household appliances.",271,"27.1 Manufacture of electric motors, generators, transformers and electricity distribution and control apparatus",27,27 Manufacture of electrical equipment,C,C MANUFACTURING,"""Senior Electrical Project Engineer""","""Provide electrical engineering expertise within the Rusumo Project Implementation Unit (Rusumo Project Implementation Unit) as part of reinforced oversight capability."""
8862c29b-3810-4fbc-85c7-c9ee87535f73,electrical supervisor,Electrical supervisors monitor the operations involved in installing and servicing electricity cables and other electrical infrastructure. They assign tasks and take quick decisions to resolve problems.,432,"43.2 Electrical, plumbing and other construction installation activities",43,43 Specialised construction activities,F,F CONSTRUCTION,"""Electrical Installation Supervisor""","""Carrying out major additions to electricity infrastructure to meet increased demand."""
91ba2935-f5c9-426d-8573-997b8b91e5ed,"agriculture, forestry and fishery vocational teacher","Agriculture, forestry and fishery vocational teachers instruct students in their specialised field of study, agriculture, forestry and fishery, which is predominantly practical in nature. They provide theoretical instruction in service of the practical skills and techniques the students must subsequently master for an agriculture, forestry or fishery profession. Agriculture, forestry and fishery vocational teachers monitor the students' progress, assist individually when necessary, and evaluate their knowledge and performance on the subject of agriculture, forestry and fishery through assignments, tests and examinations.",853,85.3 Secondary and post-secondary non-tertiary education,85,85 Education,Q,Q EDUCATION,"""Agricultural Extension Officer""","""Provide agricultural training for intensification of production to affected households under the livelihood restoration program."""
91f93dc4-1b71-4053-b6fb-c579ec19303a,procurement department manager,Procurement department managers ensure that the organisation's policy goals are transformed into concrete actions and support their teams to achieve the best results for their clients and the public. They oversee the public procurement professionals in the organisation to deliver on their objectives.,841,"84.1 Administration of the State and the economic, social and environmental policies of the community",84,84 Public administration and defence; compulsory social security,P,P PUBLIC ADMINISTRATION AND DEFENCE; COMPULSORY SOCIAL SECURITY,"""Procurement Specialist""","""Manage and coordinate procurement activities on behalf of Rusumo Power Company Limited (RPCL) through the Rusumo Project Implementation Unit (RPIU) at the Nile Equatorial Lakes Subsidiary Action Program (NELSAP)."""
929ef41d-afd0-4d5a-b85b-69eab68fa368,legal assistant,Legal assistants work closely together with lawyers and legal representatives in the research and preparation of cases brought to courts. They assist in the paper work of cases and management of the administrative side of court affairs.,691,69.1 Legal activities,69,69 Legal and accounting activities,N,"N PROFESSIONAL, SCIENTIFIC AND TECHNICAL ACTIVITIES","""Legal Advisor""","""Support the Rusumo Power Company Limited /Special Purpose Vehicle, through the Nile Equatorial Lakes Subsidiary Action Program Coordination Unit, to establish memoranda of understanding and other agreements with key entities to formalize cooperation arrangements as described in the Project Implementation Manual."""
974d4eab-fbee-4c52-b16e-73bdd8c25b53,lawyer,"Lawyers provide legal advice to clients and act on their behalf in legal proceedings and in compliance with the law. They research for, interpret and study cases to represent their clients in a variety of settings such as courts and administrative boards. They create arguments on behalf of their clients for lawsuits in different contexts with the aim of finding a legal remedy.",691,69.1 Legal activities,69,69 Legal and accounting activities,N,"N PROFESSIONAL, SCIENTIFIC AND TECHNICAL ACTIVITIES","""Project Legal Counsel""","""Ensure confidentiality agreements are respected and, when the client requests confidentiality, communicate that clearly and honestly during Regional Rusumo Falls Hydroelectric Project communications."""
9e1e8379-6377-4969-b141-0d2337218fc9,economic development coordinator,"Economic development coordinators outline and implement policies for the improvement of a community's, government's or institution's economic growth and stability. They research economic trends and coordinate cooperation between institutions working in economic development. They analyse potential economic risks and conflicts and develop plans to resolve them. Economic development coordinators advise on the economic sustainability of institutions and economic growth.",841,"84.1 Administration of the State and the economic, social and environmental policies of the community",84,84 Public administration and defence; compulsory social security,P,P PUBLIC ADMINISTRATION AND DEFENCE; COMPULSORY SOCIAL SECURITY,"""Stakeholder Dialogue Facilitator""","""Lead stakeholder dialogue activities focusing on the role of the Regional Rusumo Falls Hydroelectric Project in promoting clean energy to support economic development and poverty reduction."""
9e285322-2cfa-430f-9b66-41be57d698e2,public affairs consultant,"Public affairs consultants function as representatives for a client's goal. They attempt to persuade legislative bodies and policy makers to implement laws or regulation in accordance with the client's wishes, and negotiate with parties with potentially conflicting interests. They perform analytical and research duties in order to ensure that the client's cause is being addressed in an appropriate way to the appropriate parties. They also consult their clients on their causes and policies.",733,73.3 Public relations and communication activities,73,"73 Activities of advertising, market research and public relations",N,"N PROFESSIONAL, SCIENTIFIC AND TECHNICAL ACTIVITIES","""Communications and Consultation Specialist"", ""Public Consultation and Disclosure Plan Specialist""","""Implement the Regional Rusumo Falls Hydroelectric Project comprehensive program of communications and consultations to enhance public understanding of the project's strategic importance to achieving national development objectives in Burundi, Rwanda and Tanzania."", ""Implement the communications and consultation program to facilitate informed dialogue among stakeholders, including national and regional Civil Society Organizations and advocacy groups."", ""Prepare the Public Consultation and Disclosure Plan for consultations during project implementation."""
a005f8a2-2d8a-433e-8d89-13575f822fd4,energy manager,"Energy managers coordinate the energy use in an organisation, and aim to implement policies for increased sustainability, and minimisation of cost and environmental impact. They monitor the energy demands and use, and develop improvement strategies, as well as researching the most beneficial source of energy for the organisation's needs.",354,35.4 Activities of brokers and agents for electric power and natural gas,35,"35 Electricity, gas, steam and air conditioning supply",D,"D ELECTRICITY, GAS, STEAM AND AIR CONDITIONING SUPPLY","""Commissioner for Energy""","""Serve on the Project Steering Committee to provide an oversight function on the implementation of the project."""
a74f6c51-37e5-423e-aa5b-044e98663027,web content manager,"Web content managers curate or create content for a web platform according to the long-term strategic goals, policies and procedures for an organisation's online content or their customers. They control and monitor compliance with standards, legal and privacy regulations and ensure web optimisation. They are also responsible for integrating the work of writers and designers to produce a final layout which is compatible with corporate standards.",621,62.1 Computer programming activities,62,"62 Computer programming, consultancy and related activities",K,"K TELECOMMUNICATION, COMPUTER PROGRAMMING, CONSULTING, COMPUTING INFRASTRUCTURE AND OTHER INFORMATION SERVICE ACTIVITIES","""Website Content Manager""","""Post all public documents involving the Regional Rusumo Falls Hydroelectric Project, including environmental and social impact reports, online on a dedicated website in adherence to the World Bank's Access to Information Policy."""
a9068f84-cecd-4cbb-9acb-e20c714435ec,concrete finisher,"Concrete finishers work with binding agents like cement and concrete. They put up any removable forms and pour concrete into the forms. They then execute one or several actions to finish the concrete: cutting, screeding or levelling, compacting, smoothing, and chamfering to prevent chipping.",410,41.0 Construction of residential and non-residential buildings,41,41 Construction of residential and non-residential buildings,F,F CONSTRUCTION,"""Concrete Foundation Construction Worker"", ""Tunnel Concrete Technician""","""Construct concrete foundations for transmission line towers as specified (typically 2.5 x 2.5 meters)."", ""perform concreting of the tunnel invert in areas of larger faults"""
ac37627c-a999-4779-997e-9795cc4f9a3d,power distribution engineer,"Power distribution engineers design and operate facilities which distribute power from the distribution facility to the consumers. They research methods for the optimisation of power distribution, and ensure the consumers' needs are met. They also ensure compliance to safety regulations by monitoring the automated processes in plants and directing workflow.",351,"35.1 Electric power generation, transmission and distribution",35,"35 Electricity, gas, steam and air conditioning supply",D,"D ELECTRICITY, GAS, STEAM AND AIR CONDITIONING SUPPLY","""Power Systems Engineer"", ""Institutional Specialist, Electricity Sector"", ""Power System Planning Specialist""","""Analyse and assess power generation, transmission and distribution systems (110 kilovolt down to 0.4 kilovolt) to reduce power losses; identify technical and nontechnical losses; and propose immediate and long-term mitigation measures and loss reduction targets including associated costs for the Energy, Water and Sanitation Authority."", ""provide support to the core implementation-support team as an institutional specialist in the electricity sector"", ""Support national utilities to reduce generation capacity shortages through planning and technical support."""
b05f53db-b6b0-49bc-aa0c-1790c8c7012b,rigger,"Riggers specialise in the lifting of heavy objects, often helped by a crane or derrick. They work with crane operators to attach and detach crane loads. They may also install the heavy object in place.",439,43.9 Other specialised construction activities,43,43 Specialised construction activities,F,F CONSTRUCTION,"""Tunnel Support Specialist (anchored shotcrete and welded wire-mesh reinforcement)""","""protect friable, erodible fault material and adjacent rock in the tunnel by applying an anchored shotcrete layer and welded wire-mesh reinforcement"""
b42d8731-386b-4d34-a824-4b736feee1e5,title closer,"Title closers handle and investigate all documentation needed for a property sale including the contracts, settlement statements, mortgages, title insurance policies, etc. They ensure compliance with legal requirements and review all the fees related to the real estate sales process.",683,68.3 Real estate activities on a fee or contract basis,68,68 Real estate activities,M,M REAL ESTATE ACTIVITIES,"""Independent Third-Party Escrow Agent""","""Operate and supervise the escrow account established to hold utilities' security deposits under the Power Purchase Agreements."""
b915ab4a-f7b1-44bc-a5a4-585e91d31dfd,property acquisitions manager,Property acquisitions managers ensure land or property acquisitions transactions. They liaise with relevant stakeholders concerning financial aspects and risks arising from the acquisition of property. Property acquisitions managers ensure compliance with legal requirements for purchasing property and take care of all documentation and closure techniques needed.,683,68.3 Real estate activities on a fee or contract basis,68,68 Real estate activities,M,M REAL ESTATE ACTIVITIES,"""Land Acquisition Specialist""","""Manage site acquisition activities during the preparatory phase"""
bafbc672-0ad9-41af-9de8-db0c91a24f9b,billing clerk,"Billing clerks create credit memos, invoices and monthly customer statements and issue them to customers by all necessary means. They update customer files accordingly.",821,82.1 Office administrative and support activities,82,"82 Office administrative, office support and other business support activities",O,O ADMINISTRATIVE AND SUPPORT SERVICE ACTIVITIES,"""Utility Accounts Payable Officer""","""Settle Rusumo Power Company Limited's monthly invoices of capacity and energy charges within 30 days of their issuance under the respective Power Purchase Agreements."""
bea99fea-0383-4c63-b944-70d4799de2c5,project manager,"Project managers oversee the project on a daily basis and are responsible for delivering high-quality results within the identified objectives and constraints, ensuring the effective use of the allocated resources. They are responsible for risk and issue management, project communication and stakeholder management. Project managers perform the activities of planning, organising, securing, monitoring and managing the resources and work necessary to deliver specific project goals and objectives in an effective and efficient way.",701,70.1 Activities of head offices,70,70 Activities of head offices and management consultancy,N,"N PROFESSIONAL, SCIENTIFIC AND TECHNICAL ACTIVITIES","""Project Manager""","""Staff support for set-up and operations of the Rusumo Power Company Limited and Rusumo Project Implementation Unit including project management duties"", ""Staff the Rusumo Project Implementation Unit as head of the Unit."", ""Head the Rusumo Project Implementation Unit (Rusumo Project Implementation Unit) as part of the Unit's reinforced oversight capability."""
c6196b21-20f9-4608-83fb-6f143afc740d,geologist,"Geologists research the materials that form the earth. Their observations depend on the purpose of the research. Depending on their specialisation, geologists study how the Earth has been shaped over time, its geological layers, the quality of minerals for mining purposes, earthquakes and volcanic activity for private services, and similar phenomena.",089,08.9 Mining and quarrying n.e.c.,08,08 Other mining and quarrying,B,B MINING AND QUARRYING,"""Geologist""","""Prepare geological baseline reports and provide them to the prospective bidder's contractor."""
c89afd9a-7dad-4bae-9315-5fcadd9ad8b6,electricity distribution technician,"Electricity distribution technicians construct and maintain electric power transmission and distribution systems. They maintain and repair powerlines, compliant with safety regulations.",351,"35.1 Electric power generation, transmission and distribution",35,"35 Electricity, gas, steam and air conditioning supply",D,"D ELECTRICITY, GAS, STEAM AND AIR CONDITIONING SUPPLY","""Transmission Line Technician"", ""Transmission Line Tower Erection Technician""","""Carry out field installation and technical works for transmission line construction."", ""Erect steel lattice transmission towers on concrete foundations along the transmission line right-of-way corridor."""
c8b296be-54ae-48cf-be21-031fa8457937,supply chain assistant,"Supply chain assistants work closely together with managers in the operations processes, namely purchasing, manufacturing, and distribution processes. They help with administrative and pragmatic follow up of actions such as invoicing, drafting and preparation of contracts and purchasing orders, reconciliation of inventory against documents, and communication with distribution channels.",702,70.2 Business and other management consultancy activities,70,70 Activities of head offices and management consultancy,N,"N PROFESSIONAL, SCIENTIFIC AND TECHNICAL ACTIVITIES","""Accounts and Logistics Assistant""","""Provide accounts and logistics support for project operations and site activities"", ""Provide accounts and logistics support within the Rusumo Project Implementation Unit (Rusumo Project Implementation Unit) as part of the Unit's reinforced oversight capability."""
c9b2b0a7-0adc-4ca7-bf7c-dc95e18aeac7,procurement support officer,"Procurement support officers assist the staff of the procurement team throughout the procurement processes, making sure all procurement documents are compliant with procedural, technical and legal requirements, and that meetings and other contacts are well organised.",821,82.1 Office administrative and support activities,82,"82 Office administrative, office support and other business support activities",O,O ADMINISTRATIVE AND SUPPORT SERVICE ACTIVITIES,"""Procurement Officer"", ""Procurement Technical Specialist""","""Support procurement functions for the Rusumo Project as newly hired procurement staff."", ""Recruit additional technical staff for the Nile Equatorial Lakes Subsidiary Action Program Coordination Unit to support procurement processing."""
cb446db8-e8b3-418c-a21c-2d10faea42a5,power plant manager,"Power plant managers supervise operations in power plants which produce and transport energy. They coordinate the production of energy in the plant, and supervise the construction, operation and maintenance of energy transmission and distribution networks and systems.",351,"35.1 Electric power generation, transmission and distribution",35,"35 Electricity, gas, steam and air conditioning supply",D,"D ELECTRICITY, GAS, STEAM AND AIR CONDITIONING SUPPLY","""Owner's Engineer"", ""Operations and Management contractor""","""Provide overall project management and supervision of procurement, design, construction, interface management and preparation for operation and maintenance of the power plant complex and coordinate implementation of the Environment and Social Management Plan and Resettlement Action Plan"", ""Provide overall project management and supervision of the procurement, design, construction, interfacing with management and preparation for the operation and maintenance of the power plant complex; and coordinate implementation of the Environment and Social Management Plan and follow-up activities under the Resettlement Action Plan, including handling of grievance mechanisms, in support of the Rusumo Project Implementation Unit."", ""Be appointed to operate and manage the power plant complex as an intermediate result to monitor project performance."", ""Provide overall project management and supervision of procurement, design, construction and preparation for operation and maintenance of the power plant complex and transmission lines, and coordinate implementation of the Environmental and Social Management Plan (ESMP) and the Resettlement Action Plan (RAP)."", ""Support the Rusumo Project Implementation Unit (Rusumo Project Implementation Unit) and be responsible for overall project management and supervision of procurement, design, construction and preparation of operation and maintenance plan of the power plant complex and dam safety plans, and coordination of implementation of the Environmental and Social Management Plan and the Resettlement Action Plan."""
cb4f98c8-6b8d-41d8-87eb-a2a2033a3a25,public procurement specialist,Public procurement specialists are full-time public procurement practitioners working as part of a procurement team in a large organisation or central purchasing body in all phases of the procurement cycle. They translate needs into contracts and deliver value for money for the organisation and the public.,702,70.2 Business and other management consultancy activities,70,70 Activities of head offices and management consultancy,N,"N PROFESSIONAL, SCIENTIFIC AND TECHNICAL ACTIVITIES","""Power Procurement Specialist"", ""Procurement Specialist"", ""Procurement Specialist at the Nile Equatorial Lakes Subsidiary Action Program Coordination Unit"", ""Procurement Training Specialist""","""Contract for short-term emergency thermal power supply (manage procurement and contracting of emergency thermal power) for the Energy, Water and Sanitation Authority."", ""be part of the core implementation-support team"", ""Prepare the Procurement Manual that defines procurement processing and structures to provide oversight for the procurement function."", ""Provide basic training on the use of the new Procurement Guidelines prior to project effectiveness, in conjunction with the International Development Association Procurement Specialist."", ""Recruit a Procurement Specialist proficient in International Development Association project financing and experienced in procurement of works to support the project."""
cd4f41a5-87a6-4b3c-8ee3-14e6f457c365,audit supervisor,"Audit supervisors oversee audit staff, planning and reporting, and review the audit staff's automated audit work papers to ensure compliance with the company's methodology. They prepare reports, evaluate general auditing and operating practices, and communicate findings to the superior management.",692,"69.2 Accounting, bookkeeping and auditing activities; tax consultancy",69,69 Legal and accounting activities,N,"N PROFESSIONAL, SCIENTIFIC AND TECHNICAL ACTIVITIES","""Independent Technical Auditor""","""Conduct annual technical audits to review compliance with the Environmental and Social Management Plan and the Rusumo Water Resources Management Plan."""
cd7b838c-51f6-41ec-9067-bb974c0f991b,communication manager,"Communication managers are responsible for developing communication strategies in order to promote the organization's mission, services or product. They coordinate communication projects and manage the communications issued by the company for both the internal and the external clients. They supervise internal communications, ensuring that communications reach each one of the employees and further questions can be answered. For external communications, they coordinate coherence among the messages transmitted in mails, printed materials, press articles, and corporate promotional materials. They strive to maintain truthful communications.",733,73.3 Public relations and communication activities,73,"73 Activities of advertising, market research and public relations",N,"N PROFESSIONAL, SCIENTIFIC AND TECHNICAL ACTIVITIES","""Communications Specialist"", ""Strategic Communications Specialist""","""provide communications and stakeholder consultation support to the implementation-support team"", ""Develop a strategic communications component, adequately funded, to support implementation of the Regional Rusumo Falls Hydroelectric Project."", ""Provide communications, external engagement and stakeholder information sharing for the project"", ""Provide communications support within the Rusumo Project Implementation Unit (Rusumo Project Implementation Unit) as part of the Unit's reinforced oversight capability."""
d6ef013f-57e9-4100-bbe5-3e4930664dee,social services policy officer,"Social services policy officers research, analyse and develop social services policies and implement these policies and services to improve circumstances of disadvantaged and vulnerable members of society such as children and elderly people. They work in the administration of social services and stay in contact with organisations and other stakeholders and provide them with regular updates.",841,"84.1 Administration of the State and the economic, social and environmental policies of the community",84,84 Public administration and defence; compulsory social security,P,P PUBLIC ADMINISTRATION AND DEFENCE; COMPULSORY SOCIAL SECURITY,"""Social Safeguards Specialist""","""be part of the core implementation-support team"", ""participate in IDA supervision missions to review progress in the implementation of safeguards"""
d7d986e1-7333-431b-9719-0c5c6939e360,civil engineer,"Civil engineers design, plan, and develop technical and engineering specifications for infrastructure and construction projects. They apply engineering knowledge in a vast array of projects, from the construction of infrastructure for transportation, housing projects, and luxury buildings, to the construction of natural sites. They design plans that seek to optimise materials and integrate specifications and resource allocation within the time constraints.",429,42.9 Construction of other civil engineering projects,42,42 Civil engineering,F,F CONSTRUCTION,"""Civil Engineer"", ""Senior Civil Engineer"", ""Road Construction Engineer"", ""Diversion Works Design Engineer (Civil Works Design Engineer)"", ""Rusumo Project Implementation Unit (RPIU) Engineer"", ""Owner's Engineer"", ""Senior Civil Project Engineer""","""provide civil engineering support to the implementation-support team"", ""Work during the construction phase to implement project construction activities."", ""Perform excavation/earth works, tunneling and concrete works for the power plant complex structures including barrage, gated spillway, intake works, diversion/power canal, surface powerhouse, access roads and construction site facilities"", ""Provide senior civil engineering expertise for project design, construction supervision and technical assistance at the Project Implementation Unit"", ""construct a new two-lane roadway on the upstream side of the dam and spillway structures"", ""finalize the design of diversion works for temporary river diversion during construction"", ""conduct a detailed assessment and design modifications, such as river diversion arrangements, in close coordination with partner governments and agencies to support project implementation"", ""Provide civil engineering expertise within the Rusumo Project Implementation Unit (Rusumo Project Implementation Unit) as part of reinforced oversight capability."", ""Procurement and execution of civil works on a re-measurable basis to cater for geological risk as part of the project's two-contract arrangement."""
e12f08fb-4748-4388-9489-b647df60332a,hydropower engineer,"Hydropower engineers research, design and plan the building of facilities that generate electricity from the movement of water. They search optimal locations, conduct trials and try different materials to achieve the best result. Hydropower engineers develop strategies for more efficient energy production and analyse environmental consequences.",422,42.2 Construction of utility projects,42,42 Civil engineering,F,F CONSTRUCTION,"""Hydropower Civil Engineer"", ""Hydropower Project Engineer"", ""Hydropower Specialist"", ""Monitoring and Evaluation Specialist (Energy)"", ""Hydropower Civil Engineer (river diversion and hydraulic infrastructure)"", ""Hydropower Civil/Structural Engineer (run-of-river facility construction)""","""Develop and implement hydropower resources as part of the Power Plant Complex for the Nile Equatorial Lakes Region."", ""Development of hydropower resource potential in the Nile Equatorial Lakes Region as part of the Project."", ""provide hydropower technical support to the implementation-support team"", ""Measure and report the quantity of additional hydroelectricity generated to assess achievement of the development objective."", ""divert the flow of the Kagera River to a powerhouse by bypassing the falls and the rapids"", ""construct a run-of-river hydropower facility including power station, intake, headrace tunnel, surge shaft/chamber, powerhouse and tailrace channel and construct transmission facilities connecting the plant to national grids"""
e6800524-eec2-4c33-af0e-6f36d1d679bc,instrumentation engineer,"Instrumentation engineers envision and design equipment used in manufacturing processes for controlling and monitoring various engineering processes remotely. They design equipment for the monitoring of production sites such as manufacturing systems, machinery uses and production processes.",265,"26.5 Manufacture of measuring testing instruments, clocks and watches",26,"26 Manufacture of computer, electronic and optical products",C,C MANUFACTURING,"""Instrumentation and Monitoring Engineer""","""Design and implement a detailed instrumentation and monitoring system for the construction works."""
eedbf8b1-9432-4f42-ab7f-db5cd3eb2a05,excavator operator,"Excavator operators use excavators to dig into earth or other materials to remove it. They are involved in a variety of projects, such as demolition, dredging, and the of digging holes, foundations and trenches.",431,43.1 Demolition and site preparation,43,43 Specialised construction activities,F,F CONSTRUCTION,"""Rock Excavation Specialist (tunnel portal excavation)""","""excavate a rock face to develop the portal of the headrace tunnel and build the concrete structure in the excavation"""
f1b89616-5dfe-40d4-8b02-58a6982b1a01,substation engineer,"Substation engineers design medium and high voltage substations used for the transmission, distribution, and generation of electrical energy. They develop methods for the efficient operation of the energy process, and ensure compliance to safety and environmental standards.",422,42.2 Construction of utility projects,42,42 Civil engineering,F,F CONSTRUCTION,"""High Voltage Substation Engineer"", ""Senior Electrical Engineer"", ""Transmission Line Engineer"", ""Electrical Substation Engineer (220-kilovolt outdoor substation)""","""Implementation of 220 kV interconnections and associated transmission facilities for the Rusumo Falls Hydropower Project."", ""Provide senior electrical engineering expertise for design, installation and commissioning of electrical systems and substations"", ""connect the powerhouse to the substation with transmission lines"", ""provide and construct a 220-kilovolt outdoor substation to relay the power station's output to the national grids of beneficiary countries"""
f33a70bd-c5b6-495d-8e0c-5e2c6e56d93e,power plant control room operator,"Power plant control room operators are responsible for the safe and proper operation of power plants, switchyards and associated control structures. They repair and maintain the involved machinery and equipment to ensure the plant's efficient operation and to tackle emergency situations such as blackouts.",351,"35.1 Electric power generation, transmission and distribution",35,"35 Electricity, gas, steam and air conditioning supply",D,"D ELECTRICITY, GAS, STEAM AND AIR CONDITIONING SUPPLY","""Operation and Maintenance Specialist""","""Prepare the power plant complex and transmission lines for operation and maintenance and support O&M readiness activities."""
faed05c0-c1d1-4e34-b575-0dea96459e56,construction manager,Construction managers are responsible for the planning and coordination of the construction projects. They provide expertise in the design phase of construction projects by facilitating a better estimate of the costs and the functional implications. They participate on bid processes for construction projects and handle subcontractors to deliver the different stages of the construction process from beginning to completion. They strive to enhance the value of the projects both improving efficiency and creating value for customers.,433,43.3 Building completion and finishing,43,43 Specialised construction activities,F,F CONSTRUCTION,"""Construction Manager""","""Manage and supervise construction of the power plant complex and transmission lines during project implementation."""
fb7e2f4f-1545-42f1-972e-94082e49c6dc,building construction worker,Building construction workers prepare and maintain building construction activities on construction sites. They perform preparation and clean-up work in order to assist specialised construction workers.,410,41.0 Construction of residential and non-residential buildings,41,41 Construction of residential and non-residential buildings,F,F CONSTRUCTION,"""Construction Laborer""","""Perform manual and site tasks during the construction phase of project facilities."""
fcf9024e-277c-43c7-8ec8-8903e5c9c576,water engineer,"Water engineers research and develop methods for the provision of clean water, water treatment and flood damage prevention and reaction. They research water needs in a location and develop methods for meeting those needs, such as designing and developing projects for managing water resources such as treatment plants, pipelines, pump systems, irrigation or draining systems and other water supply systems. Water engineers also ensure proper installation of these systems on construction sites. Water engineers also maintain, repair and build structures that control water resources, such as bridges, canals and dams.",422,42.2 Construction of utility projects,42,42 Civil engineering,F,F CONSTRUCTION,"""Water Resources Specialist"", ""Water Resources Engineer""","""provide water resources support to the implementation-support team"", ""Serve on the Water Resources Technical Sub-committee to ensure adequate water resources management of the Kagera River Basin, ensure compliance with water use rights, provide oversight in maintaining water levels, and facilitate governmental and inter-governmental actions."", ""Serve on a water resources technical committee established by the three countries to ensure compliance with agreed operating regimes."""
fddb7bd8-f176-4dc8-9d12-32b6072452c9,electric meter technician,Electric meter technicians install and maintain electric meter systems in facilities or buildings. They install the equipment in accordance with regulations and repair faults and other problems. They test the equipment and advise on the use and care.,432,"43.2 Electrical, plumbing and other construction installation activities",43,43 Specialised construction activities,F,F CONSTRUCTION,"""Electrical Metering Installation Technician""","""Install prepayment electricity meters under World Bank-financed projects (acquisition and installation of prepayment meters)."""
